Count,Image_Path,Target
0,dataset\FLAT\20220427_120551.jpg,0
1,dataset\FLAT\20220427_120618.jpg,0
2,dataset\FLAT\20220428_213842.jpg,0
3,dataset\FLAT\20220428_213858.jpg,0
4,dataset\FLAT\20220430_172959.jpg,0
5,dataset\FLAT\20220430_173012.jpg,0
6,dataset\FLAT\20220503_181026.jpg,0
7,dataset\FLAT\20220503_181032.jpg,0
8,dataset\FLAT\20220511_152034.jpg,0
9,dataset\FLAT\20220511_152042.jpg,0
10,dataset\FLAT\20220519_144058.heic,0
11,dataset\FLAT\20220519_144058.jpg,0
12,dataset\FLAT\20220519_144107.heic,0
13,dataset\FLAT\20220525_165626.jpg,0
14,dataset\FLAT\20220525_165646.jpg,0
15,dataset\FLAT\20220605_125729.jpg,0
16,dataset\FLAT\20220605_125745.jpg,0
17,dataset\FLAT\20220620_195403.jpg,0
18,dataset\FLAT\20220620_195408.jpg,0
19,dataset\FLAT\20220621_103058.jpg,0
20,dataset\FLAT\20220621_103110.jpg,0
21,dataset\FLAT\20220621_144230.jpg,0
22,dataset\FLAT\20220621_144240.jpg,0
23,dataset\FLAT\20220628_154427.jpg,0
24,dataset\FLAT\20220628_154525.jpg,0
25,dataset\FLAT\20220719_231404.heic,0
26,dataset\FLAT\20220719_231418.heic,0
27,dataset\FLAT\20220725_191325.jpg,0
28,dataset\FLAT\20220725_191347.jpg,0
29,dataset\FLAT\20220731_154748.jpg,0
30,dataset\FLAT\20220731_154811.jpg,0
31,dataset\FLAT\20220809_094407.jpg,0
32,dataset\FLAT\20220809_094418.jpg,0
33,dataset\FLAT\20220823_093502.jpg,0
34,dataset\FLAT\20220823_093509.jpg,0
35,dataset\FLAT\20220908_121502.jpg,0
36,dataset\FLAT\20220908_121508.jpg,0
37,dataset\FLAT\20221002_142751.jpg,0
38,dataset\FLAT\20221002_142802.jpg,0
39,dataset\FLAT\20221012_160431.jpg,0
40,dataset\FLAT\20221012_160510.jpg,0
41,dataset\FLAT\20230102_235308.jpg,0
42,dataset\FLAT\20230102_235317.jpg,0
43,dataset\FLAT\20230103_212841.jpg,0
44,dataset\FLAT\20230103_212855.jpg,0
45,dataset\FLAT\aug0.jpg,0
46,dataset\FLAT\aug1.jpg,0
47,dataset\FLAT\aug10.jpg,0
48,dataset\FLAT\aug100.jpg,0
49,dataset\FLAT\aug101.jpg,0
50,dataset\FLAT\aug102.jpg,0
51,dataset\FLAT\aug103.jpg,0
52,dataset\FLAT\aug104.jpg,0
53,dataset\FLAT\aug105.jpg,0
54,dataset\FLAT\aug106.jpg,0
55,dataset\FLAT\aug107.jpg,0
56,dataset\FLAT\aug108.jpg,0
57,dataset\FLAT\aug109.jpg,0
58,dataset\FLAT\aug11.jpg,0
59,dataset\FLAT\aug110.jpg,0
60,dataset\FLAT\aug111.jpg,0
61,dataset\FLAT\aug112.jpg,0
62,dataset\FLAT\aug113.jpg,0
63,dataset\FLAT\aug114.jpg,0
64,dataset\FLAT\aug115.jpg,0
65,dataset\FLAT\aug116.jpg,0
66,dataset\FLAT\aug117.jpg,0
67,dataset\FLAT\aug118.jpg,0
68,dataset\FLAT\aug119.jpg,0
69,dataset\FLAT\aug12.jpg,0
70,dataset\FLAT\aug120.jpg,0
71,dataset\FLAT\aug121.jpg,0
72,dataset\FLAT\aug122.jpg,0
73,dataset\FLAT\aug123.jpg,0
74,dataset\FLAT\aug124.jpg,0
75,dataset\FLAT\aug125.jpg,0
76,dataset\FLAT\aug126.jpg,0
77,dataset\FLAT\aug127.jpg,0
78,dataset\FLAT\aug128.jpg,0
79,dataset\FLAT\aug129.jpg,0
80,dataset\FLAT\aug13.jpg,0
81,dataset\FLAT\aug130.jpg,0
82,dataset\FLAT\aug131.jpg,0
83,dataset\FLAT\aug132.jpg,0
84,dataset\FLAT\aug133.jpg,0
85,dataset\FLAT\aug134.jpg,0
86,dataset\FLAT\aug135.jpg,0
87,dataset\FLAT\aug136.jpg,0
88,dataset\FLAT\aug137.jpg,0
89,dataset\FLAT\aug138.jpg,0
90,dataset\FLAT\aug139.jpg,0
91,dataset\FLAT\aug14.jpg,0
92,dataset\FLAT\aug140.jpg,0
93,dataset\FLAT\aug141.jpg,0
94,dataset\FLAT\aug142.jpg,0
95,dataset\FLAT\aug143.jpg,0
96,dataset\FLAT\aug144.jpg,0
97,dataset\FLAT\aug145.jpg,0
98,dataset\FLAT\aug146.jpg,0
99,dataset\FLAT\aug147.jpg,0
100,dataset\FLAT\aug148.jpg,0
101,dataset\FLAT\aug149.jpg,0
102,dataset\FLAT\aug15.jpg,0
103,dataset\FLAT\aug150.jpg,0
104,dataset\FLAT\aug151.jpg,0
105,dataset\FLAT\aug152.jpg,0
106,dataset\FLAT\aug153.jpg,0
107,dataset\FLAT\aug154.jpg,0
108,dataset\FLAT\aug155.jpg,0
109,dataset\FLAT\aug156.jpg,0
110,dataset\FLAT\aug157.jpg,0
111,dataset\FLAT\aug158.jpg,0
112,dataset\FLAT\aug159.jpg,0
113,dataset\FLAT\aug16.jpg,0
114,dataset\FLAT\aug160.jpg,0
115,dataset\FLAT\aug161.jpg,0
116,dataset\FLAT\aug162.jpg,0
117,dataset\FLAT\aug163.jpg,0
118,dataset\FLAT\aug164.jpg,0
119,dataset\FLAT\aug165.jpg,0
120,dataset\FLAT\aug166.jpg,0
121,dataset\FLAT\aug167.jpg,0
122,dataset\FLAT\aug168.jpg,0
123,dataset\FLAT\aug169.jpg,0
124,dataset\FLAT\aug17.jpg,0
125,dataset\FLAT\aug170.jpg,0
126,dataset\FLAT\aug171.jpg,0
127,dataset\FLAT\aug172.jpg,0
128,dataset\FLAT\aug173.jpg,0
129,dataset\FLAT\aug174.jpg,0
130,dataset\FLAT\aug175.jpg,0
131,dataset\FLAT\aug176.jpg,0
132,dataset\FLAT\aug177.jpg,0
133,dataset\FLAT\aug178.jpg,0
134,dataset\FLAT\aug179.jpg,0
135,dataset\FLAT\aug18.jpg,0
136,dataset\FLAT\aug180.jpg,0
137,dataset\FLAT\aug181.jpg,0
138,dataset\FLAT\aug182.jpg,0
139,dataset\FLAT\aug183.jpg,0
140,dataset\FLAT\aug184.jpg,0
141,dataset\FLAT\aug185.jpg,0
142,dataset\FLAT\aug186.jpg,0
143,dataset\FLAT\aug187.jpg,0
144,dataset\FLAT\aug188.jpg,0
145,dataset\FLAT\aug189.jpg,0
146,dataset\FLAT\aug19.jpg,0
147,dataset\FLAT\aug190.jpg,0
148,dataset\FLAT\aug191.jpg,0
149,dataset\FLAT\aug192.jpg,0
150,dataset\FLAT\aug193.jpg,0
151,dataset\FLAT\aug194.jpg,0
152,dataset\FLAT\aug195.jpg,0
153,dataset\FLAT\aug196.jpg,0
154,dataset\FLAT\aug197.jpg,0
155,dataset\FLAT\aug198.jpg,0
156,dataset\FLAT\aug199.jpg,0
157,dataset\FLAT\aug2.jpg,0
158,dataset\FLAT\aug20.jpg,0
159,dataset\FLAT\aug200.jpg,0
160,dataset\FLAT\aug201.jpg,0
161,dataset\FLAT\aug202.jpg,0
162,dataset\FLAT\aug203.jpg,0
163,dataset\FLAT\aug204.jpg,0
164,dataset\FLAT\aug205.jpg,0
165,dataset\FLAT\aug206.jpg,0
166,dataset\FLAT\aug207.jpg,0
167,dataset\FLAT\aug208.jpg,0
168,dataset\FLAT\aug209.jpg,0
169,dataset\FLAT\aug21.jpg,0
170,dataset\FLAT\aug210.jpg,0
171,dataset\FLAT\aug211.jpg,0
172,dataset\FLAT\aug212.jpg,0
173,dataset\FLAT\aug213.jpg,0
174,dataset\FLAT\aug214.jpg,0
175,dataset\FLAT\aug215.jpg,0
176,dataset\FLAT\aug216.jpg,0
177,dataset\FLAT\aug217.jpg,0
178,dataset\FLAT\aug218.jpg,0
179,dataset\FLAT\aug219.jpg,0
180,dataset\FLAT\aug22.jpg,0
181,dataset\FLAT\aug220.jpg,0
182,dataset\FLAT\aug221.jpg,0
183,dataset\FLAT\aug222.jpg,0
184,dataset\FLAT\aug223.jpg,0
185,dataset\FLAT\aug224.jpg,0
186,dataset\FLAT\aug225.jpg,0
187,dataset\FLAT\aug226.jpg,0
188,dataset\FLAT\aug227.jpg,0
189,dataset\FLAT\aug228.jpg,0
190,dataset\FLAT\aug229.jpg,0
191,dataset\FLAT\aug23.jpg,0
192,dataset\FLAT\aug230.jpg,0
193,dataset\FLAT\aug231.jpg,0
194,dataset\FLAT\aug232.jpg,0
195,dataset\FLAT\aug233.jpg,0
196,dataset\FLAT\aug234.jpg,0
197,dataset\FLAT\aug235.jpg,0
198,dataset\FLAT\aug236.jpg,0
199,dataset\FLAT\aug237.jpg,0
200,dataset\FLAT\aug238.jpg,0
201,dataset\FLAT\aug239.jpg,0
202,dataset\FLAT\aug24.jpg,0
203,dataset\FLAT\aug240.jpg,0
204,dataset\FLAT\aug241.jpg,0
205,dataset\FLAT\aug242.jpg,0
206,dataset\FLAT\aug243.jpg,0
207,dataset\FLAT\aug244.jpg,0
208,dataset\FLAT\aug245.jpg,0
209,dataset\FLAT\aug246.jpg,0
210,dataset\FLAT\aug247.jpg,0
211,dataset\FLAT\aug248.jpg,0
212,dataset\FLAT\aug249.jpg,0
213,dataset\FLAT\aug25.jpg,0
214,dataset\FLAT\aug250.jpg,0
215,dataset\FLAT\aug251.jpg,0
216,dataset\FLAT\aug252.jpg,0
217,dataset\FLAT\aug253.jpg,0
218,dataset\FLAT\aug254.jpg,0
219,dataset\FLAT\aug255.jpg,0
220,dataset\FLAT\aug256.jpg,0
221,dataset\FLAT\aug257.jpg,0
222,dataset\FLAT\aug258.jpg,0
223,dataset\FLAT\aug259.jpg,0
224,dataset\FLAT\aug26.jpg,0
225,dataset\FLAT\aug260.jpg,0
226,dataset\FLAT\aug261.jpg,0
227,dataset\FLAT\aug262.jpg,0
228,dataset\FLAT\aug263.jpg,0
229,dataset\FLAT\aug264.jpg,0
230,dataset\FLAT\aug265.jpg,0
231,dataset\FLAT\aug266.jpg,0
232,dataset\FLAT\aug267.jpg,0
233,dataset\FLAT\aug268.jpg,0
234,dataset\FLAT\aug269.jpg,0
235,dataset\FLAT\aug27.jpg,0
236,dataset\FLAT\aug270.jpg,0
237,dataset\FLAT\aug271.jpg,0
238,dataset\FLAT\aug272.jpg,0
239,dataset\FLAT\aug273.jpg,0
240,dataset\FLAT\aug274.jpg,0
241,dataset\FLAT\aug275.jpg,0
242,dataset\FLAT\aug276.jpg,0
243,dataset\FLAT\aug277.jpg,0
244,dataset\FLAT\aug278.jpg,0
245,dataset\FLAT\aug279.jpg,0
246,dataset\FLAT\aug28.jpg,0
247,dataset\FLAT\aug280.jpg,0
248,dataset\FLAT\aug281.jpg,0
249,dataset\FLAT\aug282.jpg,0
250,dataset\FLAT\aug283.jpg,0
251,dataset\FLAT\aug284.jpg,0
252,dataset\FLAT\aug285.jpg,0
253,dataset\FLAT\aug286.jpg,0
254,dataset\FLAT\aug287.jpg,0
255,dataset\FLAT\aug288.jpg,0
256,dataset\FLAT\aug289.jpg,0
257,dataset\FLAT\aug29.jpg,0
258,dataset\FLAT\aug290.jpg,0
259,dataset\FLAT\aug291.jpg,0
260,dataset\FLAT\aug292.jpg,0
261,dataset\FLAT\aug293.jpg,0
262,dataset\FLAT\aug294.jpg,0
263,dataset\FLAT\aug295.jpg,0
264,dataset\FLAT\aug296.jpg,0
265,dataset\FLAT\aug297.jpg,0
266,dataset\FLAT\aug298.jpg,0
267,dataset\FLAT\aug299.jpg,0
268,dataset\FLAT\aug3.jpg,0
269,dataset\FLAT\aug30.jpg,0
270,dataset\FLAT\aug300.jpg,0
271,dataset\FLAT\aug301.jpg,0
272,dataset\FLAT\aug302.jpg,0
273,dataset\FLAT\aug303.jpg,0
274,dataset\FLAT\aug304.jpg,0
275,dataset\FLAT\aug305.jpg,0
276,dataset\FLAT\aug306.jpg,0
277,dataset\FLAT\aug307.jpg,0
278,dataset\FLAT\aug308.jpg,0
279,dataset\FLAT\aug309.jpg,0
280,dataset\FLAT\aug31.jpg,0
281,dataset\FLAT\aug310.jpg,0
282,dataset\FLAT\aug311.jpg,0
283,dataset\FLAT\aug312.jpg,0
284,dataset\FLAT\aug313.jpg,0
285,dataset\FLAT\aug314.jpg,0
286,dataset\FLAT\aug315.jpg,0
287,dataset\FLAT\aug316.jpg,0
288,dataset\FLAT\aug317.jpg,0
289,dataset\FLAT\aug318.jpg,0
290,dataset\FLAT\aug319.jpg,0
291,dataset\FLAT\aug32.jpg,0
292,dataset\FLAT\aug320.jpg,0
293,dataset\FLAT\aug321.jpg,0
294,dataset\FLAT\aug322.jpg,0
295,dataset\FLAT\aug323.jpg,0
296,dataset\FLAT\aug324.jpg,0
297,dataset\FLAT\aug325.jpg,0
298,dataset\FLAT\aug326.jpg,0
299,dataset\FLAT\aug327.jpg,0
300,dataset\FLAT\aug328.jpg,0
301,dataset\FLAT\aug329.jpg,0
302,dataset\FLAT\aug33.jpg,0
303,dataset\FLAT\aug330.jpg,0
304,dataset\FLAT\aug331.jpg,0
305,dataset\FLAT\aug332.jpg,0
306,dataset\FLAT\aug333.jpg,0
307,dataset\FLAT\aug334.jpg,0
308,dataset\FLAT\aug335.jpg,0
309,dataset\FLAT\aug336.jpg,0
310,dataset\FLAT\aug337.jpg,0
311,dataset\FLAT\aug338.jpg,0
312,dataset\FLAT\aug339.jpg,0
313,dataset\FLAT\aug34.jpg,0
314,dataset\FLAT\aug340.jpg,0
315,dataset\FLAT\aug341.jpg,0
316,dataset\FLAT\aug342.jpg,0
317,dataset\FLAT\aug343.jpg,0
318,dataset\FLAT\aug344.jpg,0
319,dataset\FLAT\aug345.jpg,0
320,dataset\FLAT\aug346.jpg,0
321,dataset\FLAT\aug347.jpg,0
322,dataset\FLAT\aug348.jpg,0
323,dataset\FLAT\aug349.jpg,0
324,dataset\FLAT\aug35.jpg,0
325,dataset\FLAT\aug350.jpg,0
326,dataset\FLAT\aug351.jpg,0
327,dataset\FLAT\aug352.jpg,0
328,dataset\FLAT\aug353.jpg,0
329,dataset\FLAT\aug354.jpg,0
330,dataset\FLAT\aug355.jpg,0
331,dataset\FLAT\aug356.jpg,0
332,dataset\FLAT\aug357.jpg,0
333,dataset\FLAT\aug358.jpg,0
334,dataset\FLAT\aug359.jpg,0
335,dataset\FLAT\aug36.jpg,0
336,dataset\FLAT\aug360.jpg,0
337,dataset\FLAT\aug361.jpg,0
338,dataset\FLAT\aug362.jpg,0
339,dataset\FLAT\aug363.jpg,0
340,dataset\FLAT\aug364.jpg,0
341,dataset\FLAT\aug365.jpg,0
342,dataset\FLAT\aug366.jpg,0
343,dataset\FLAT\aug367.jpg,0
344,dataset\FLAT\aug368.jpg,0
345,dataset\FLAT\aug369.jpg,0
346,dataset\FLAT\aug37.jpg,0
347,dataset\FLAT\aug370.jpg,0
348,dataset\FLAT\aug371.jpg,0
349,dataset\FLAT\aug372.jpg,0
350,dataset\FLAT\aug373.jpg,0
351,dataset\FLAT\aug374.jpg,0
352,dataset\FLAT\aug375.jpg,0
353,dataset\FLAT\aug376.jpg,0
354,dataset\FLAT\aug377.jpg,0
355,dataset\FLAT\aug378.jpg,0
356,dataset\FLAT\aug379.jpg,0
357,dataset\FLAT\aug38.jpg,0
358,dataset\FLAT\aug380.jpg,0
359,dataset\FLAT\aug381.jpg,0
360,dataset\FLAT\aug382.jpg,0
361,dataset\FLAT\aug383.jpg,0
362,dataset\FLAT\aug384.jpg,0
363,dataset\FLAT\aug385.jpg,0
364,dataset\FLAT\aug386.jpg,0
365,dataset\FLAT\aug387.jpg,0
366,dataset\FLAT\aug388.jpg,0
367,dataset\FLAT\aug389.jpg,0
368,dataset\FLAT\aug39.jpg,0
369,dataset\FLAT\aug390.jpg,0
370,dataset\FLAT\aug391.jpg,0
371,dataset\FLAT\aug392.jpg,0
372,dataset\FLAT\aug393.jpg,0
373,dataset\FLAT\aug394.jpg,0
374,dataset\FLAT\aug395.jpg,0
375,dataset\FLAT\aug396.jpg,0
376,dataset\FLAT\aug397.jpg,0
377,dataset\FLAT\aug398.jpg,0
378,dataset\FLAT\aug399.jpg,0
379,dataset\FLAT\aug4.jpg,0
380,dataset\FLAT\aug40.jpg,0
381,dataset\FLAT\aug400.jpg,0
382,dataset\FLAT\aug401.jpg,0
383,dataset\FLAT\aug402.jpg,0
384,dataset\FLAT\aug403.jpg,0
385,dataset\FLAT\aug404.jpg,0
386,dataset\FLAT\aug405.jpg,0
387,dataset\FLAT\aug406.jpg,0
388,dataset\FLAT\aug407.jpg,0
389,dataset\FLAT\aug408.jpg,0
390,dataset\FLAT\aug409.jpg,0
391,dataset\FLAT\aug41.jpg,0
392,dataset\FLAT\aug410.jpg,0
393,dataset\FLAT\aug411.jpg,0
394,dataset\FLAT\aug412.jpg,0
395,dataset\FLAT\aug413.jpg,0
396,dataset\FLAT\aug414.jpg,0
397,dataset\FLAT\aug415.jpg,0
398,dataset\FLAT\aug416.jpg,0
399,dataset\FLAT\aug417.jpg,0
400,dataset\FLAT\aug418.jpg,0
401,dataset\FLAT\aug419.jpg,0
402,dataset\FLAT\aug42.jpg,0
403,dataset\FLAT\aug420.jpg,0
404,dataset\FLAT\aug421.jpg,0
405,dataset\FLAT\aug422.jpg,0
406,dataset\FLAT\aug423.jpg,0
407,dataset\FLAT\aug424.jpg,0
408,dataset\FLAT\aug425.jpg,0
409,dataset\FLAT\aug426.jpg,0
410,dataset\FLAT\aug427.jpg,0
411,dataset\FLAT\aug428.jpg,0
412,dataset\FLAT\aug429.jpg,0
413,dataset\FLAT\aug43.jpg,0
414,dataset\FLAT\aug430.jpg,0
415,dataset\FLAT\aug431.jpg,0
416,dataset\FLAT\aug432.jpg,0
417,dataset\FLAT\aug433.jpg,0
418,dataset\FLAT\aug434.jpg,0
419,dataset\FLAT\aug435.jpg,0
420,dataset\FLAT\aug436.jpg,0
421,dataset\FLAT\aug437.jpg,0
422,dataset\FLAT\aug438.jpg,0
423,dataset\FLAT\aug439.jpg,0
424,dataset\FLAT\aug44.jpg,0
425,dataset\FLAT\aug440.jpg,0
426,dataset\FLAT\aug441.jpg,0
427,dataset\FLAT\aug442.jpg,0
428,dataset\FLAT\aug443.jpg,0
429,dataset\FLAT\aug444.jpg,0
430,dataset\FLAT\aug445.jpg,0
431,dataset\FLAT\aug446.jpg,0
432,dataset\FLAT\aug447.jpg,0
433,dataset\FLAT\aug448.jpg,0
434,dataset\FLAT\aug449.jpg,0
435,dataset\FLAT\aug45.jpg,0
436,dataset\FLAT\aug450.jpg,0
437,dataset\FLAT\aug451.jpg,0
438,dataset\FLAT\aug452.jpg,0
439,dataset\FLAT\aug453.jpg,0
440,dataset\FLAT\aug454.jpg,0
441,dataset\FLAT\aug455.jpg,0
442,dataset\FLAT\aug456.jpg,0
443,dataset\FLAT\aug457.jpg,0
444,dataset\FLAT\aug458.jpg,0
445,dataset\FLAT\aug459.jpg,0
446,dataset\FLAT\aug46.jpg,0
447,dataset\FLAT\aug460.jpg,0
448,dataset\FLAT\aug461.jpg,0
449,dataset\FLAT\aug462.jpg,0
450,dataset\FLAT\aug463.jpg,0
451,dataset\FLAT\aug464.jpg,0
452,dataset\FLAT\aug465.jpg,0
453,dataset\FLAT\aug466.jpg,0
454,dataset\FLAT\aug467.jpg,0
455,dataset\FLAT\aug468.jpg,0
456,dataset\FLAT\aug469.jpg,0
457,dataset\FLAT\aug47.jpg,0
458,dataset\FLAT\aug470.jpg,0
459,dataset\FLAT\aug471.jpg,0
460,dataset\FLAT\aug472.jpg,0
461,dataset\FLAT\aug473.jpg,0
462,dataset\FLAT\aug474.jpg,0
463,dataset\FLAT\aug475.jpg,0
464,dataset\FLAT\aug476.jpg,0
465,dataset\FLAT\aug477.jpg,0
466,dataset\FLAT\aug478.jpg,0
467,dataset\FLAT\aug479.jpg,0
468,dataset\FLAT\aug48.jpg,0
469,dataset\FLAT\aug480.jpg,0
470,dataset\FLAT\aug481.jpg,0
471,dataset\FLAT\aug482.jpg,0
472,dataset\FLAT\aug483.jpg,0
473,dataset\FLAT\aug484.jpg,0
474,dataset\FLAT\aug485.jpg,0
475,dataset\FLAT\aug486.jpg,0
476,dataset\FLAT\aug487.jpg,0
477,dataset\FLAT\aug488.jpg,0
478,dataset\FLAT\aug489.jpg,0
479,dataset\FLAT\aug49.jpg,0
480,dataset\FLAT\aug490.jpg,0
481,dataset\FLAT\aug491.jpg,0
482,dataset\FLAT\aug492.jpg,0
483,dataset\FLAT\aug493.jpg,0
484,dataset\FLAT\aug494.jpg,0
485,dataset\FLAT\aug495.jpg,0
486,dataset\FLAT\aug496.jpg,0
487,dataset\FLAT\aug497.jpg,0
488,dataset\FLAT\aug498.jpg,0
489,dataset\FLAT\aug499.jpg,0
490,dataset\FLAT\aug5.jpg,0
491,dataset\FLAT\aug50.jpg,0
492,dataset\FLAT\aug500.jpg,0
493,dataset\FLAT\aug501.jpg,0
494,dataset\FLAT\aug502.jpg,0
495,dataset\FLAT\aug503.jpg,0
496,dataset\FLAT\aug504.jpg,0
497,dataset\FLAT\aug505.jpg,0
498,dataset\FLAT\aug506.jpg,0
499,dataset\FLAT\aug507.jpg,0
500,dataset\FLAT\aug508.jpg,0
501,dataset\FLAT\aug509.jpg,0
502,dataset\FLAT\aug51.jpg,0
503,dataset\FLAT\aug510.jpg,0
504,dataset\FLAT\aug511.jpg,0
505,dataset\FLAT\aug512.jpg,0
506,dataset\FLAT\aug513.jpg,0
507,dataset\FLAT\aug514.jpg,0
508,dataset\FLAT\aug515.jpg,0
509,dataset\FLAT\aug516.jpg,0
510,dataset\FLAT\aug517.jpg,0
511,dataset\FLAT\aug518.jpg,0
512,dataset\FLAT\aug519.jpg,0
513,dataset\FLAT\aug52.jpg,0
514,dataset\FLAT\aug520.jpg,0
515,dataset\FLAT\aug521.jpg,0
516,dataset\FLAT\aug522.jpg,0
517,dataset\FLAT\aug523.jpg,0
518,dataset\FLAT\aug524.jpg,0
519,dataset\FLAT\aug525.jpg,0
520,dataset\FLAT\aug526.jpg,0
521,dataset\FLAT\aug527.jpg,0
522,dataset\FLAT\aug528.jpg,0
523,dataset\FLAT\aug529.jpg,0
524,dataset\FLAT\aug53.jpg,0
525,dataset\FLAT\aug530.jpg,0
526,dataset\FLAT\aug531.jpg,0
527,dataset\FLAT\aug532.jpg,0
528,dataset\FLAT\aug533.jpg,0
529,dataset\FLAT\aug534.jpg,0
530,dataset\FLAT\aug535.jpg,0
531,dataset\FLAT\aug536.jpg,0
532,dataset\FLAT\aug537.jpg,0
533,dataset\FLAT\aug538.jpg,0
534,dataset\FLAT\aug539.jpg,0
535,dataset\FLAT\aug54.jpg,0
536,dataset\FLAT\aug540.jpg,0
537,dataset\FLAT\aug541.jpg,0
538,dataset\FLAT\aug542.jpg,0
539,dataset\FLAT\aug543.jpg,0
540,dataset\FLAT\aug544.jpg,0
541,dataset\FLAT\aug545.jpg,0
542,dataset\FLAT\aug546.jpg,0
543,dataset\FLAT\aug547.jpg,0
544,dataset\FLAT\aug548.jpg,0
545,dataset\FLAT\aug549.jpg,0
546,dataset\FLAT\aug55.jpg,0
547,dataset\FLAT\aug550.jpg,0
548,dataset\FLAT\aug551.jpg,0
549,dataset\FLAT\aug552.jpg,0
550,dataset\FLAT\aug553.jpg,0
551,dataset\FLAT\aug554.jpg,0
552,dataset\FLAT\aug555.jpg,0
553,dataset\FLAT\aug556.jpg,0
554,dataset\FLAT\aug557.jpg,0
555,dataset\FLAT\aug558.jpg,0
556,dataset\FLAT\aug559.jpg,0
557,dataset\FLAT\aug56.jpg,0
558,dataset\FLAT\aug560.jpg,0
559,dataset\FLAT\aug561.jpg,0
560,dataset\FLAT\aug562.jpg,0
561,dataset\FLAT\aug563.jpg,0
562,dataset\FLAT\aug564.jpg,0
563,dataset\FLAT\aug565.jpg,0
564,dataset\FLAT\aug566.jpg,0
565,dataset\FLAT\aug567.jpg,0
566,dataset\FLAT\aug568.jpg,0
567,dataset\FLAT\aug569.jpg,0
568,dataset\FLAT\aug57.jpg,0
569,dataset\FLAT\aug570.jpg,0
570,dataset\FLAT\aug571.jpg,0
571,dataset\FLAT\aug572.jpg,0
572,dataset\FLAT\aug573.jpg,0
573,dataset\FLAT\aug574.jpg,0
574,dataset\FLAT\aug575.jpg,0
575,dataset\FLAT\aug576.jpg,0
576,dataset\FLAT\aug577.jpg,0
577,dataset\FLAT\aug578.jpg,0
578,dataset\FLAT\aug579.jpg,0
579,dataset\FLAT\aug58.jpg,0
580,dataset\FLAT\aug580.jpg,0
581,dataset\FLAT\aug581.jpg,0
582,dataset\FLAT\aug582.jpg,0
583,dataset\FLAT\aug583.jpg,0
584,dataset\FLAT\aug584.jpg,0
585,dataset\FLAT\aug585.jpg,0
586,dataset\FLAT\aug586.jpg,0
587,dataset\FLAT\aug587.jpg,0
588,dataset\FLAT\aug588.jpg,0
589,dataset\FLAT\aug589.jpg,0
590,dataset\FLAT\aug59.jpg,0
591,dataset\FLAT\aug590.jpg,0
592,dataset\FLAT\aug591.jpg,0
593,dataset\FLAT\aug592.jpg,0
594,dataset\FLAT\aug593.jpg,0
595,dataset\FLAT\aug594.jpg,0
596,dataset\FLAT\aug595.jpg,0
597,dataset\FLAT\aug596.jpg,0
598,dataset\FLAT\aug597.jpg,0
599,dataset\FLAT\aug598.jpg,0
600,dataset\FLAT\aug599.jpg,0
601,dataset\FLAT\aug6.jpg,0
602,dataset\FLAT\aug60.jpg,0
603,dataset\FLAT\aug600.jpg,0
604,dataset\FLAT\aug601.jpg,0
605,dataset\FLAT\aug602.jpg,0
606,dataset\FLAT\aug603.jpg,0
607,dataset\FLAT\aug604.jpg,0
608,dataset\FLAT\aug605.jpg,0
609,dataset\FLAT\aug606.jpg,0
610,dataset\FLAT\aug607.jpg,0
611,dataset\FLAT\aug608.jpg,0
612,dataset\FLAT\aug609.jpg,0
613,dataset\FLAT\aug61.jpg,0
614,dataset\FLAT\aug610.jpg,0
615,dataset\FLAT\aug611.jpg,0
616,dataset\FLAT\aug612.jpg,0
617,dataset\FLAT\aug613.jpg,0
618,dataset\FLAT\aug614.jpg,0
619,dataset\FLAT\aug615.jpg,0
620,dataset\FLAT\aug616.jpg,0
621,dataset\FLAT\aug617.jpg,0
622,dataset\FLAT\aug618.jpg,0
623,dataset\FLAT\aug619.jpg,0
624,dataset\FLAT\aug62.jpg,0
625,dataset\FLAT\aug620.jpg,0
626,dataset\FLAT\aug621.jpg,0
627,dataset\FLAT\aug622.jpg,0
628,dataset\FLAT\aug623.jpg,0
629,dataset\FLAT\aug624.jpg,0
630,dataset\FLAT\aug625.jpg,0
631,dataset\FLAT\aug626.jpg,0
632,dataset\FLAT\aug627.jpg,0
633,dataset\FLAT\aug628.jpg,0
634,dataset\FLAT\aug629.jpg,0
635,dataset\FLAT\aug63.jpg,0
636,dataset\FLAT\aug630.jpg,0
637,dataset\FLAT\aug631.jpg,0
638,dataset\FLAT\aug632.jpg,0
639,dataset\FLAT\aug633.jpg,0
640,dataset\FLAT\aug634.jpg,0
641,dataset\FLAT\aug635.jpg,0
642,dataset\FLAT\aug636.jpg,0
643,dataset\FLAT\aug637.jpg,0
644,dataset\FLAT\aug638.jpg,0
645,dataset\FLAT\aug639.jpg,0
646,dataset\FLAT\aug64.jpg,0
647,dataset\FLAT\aug640.jpg,0
648,dataset\FLAT\aug641.jpg,0
649,dataset\FLAT\aug642.jpg,0
650,dataset\FLAT\aug643.jpg,0
651,dataset\FLAT\aug644.jpg,0
652,dataset\FLAT\aug645.jpg,0
653,dataset\FLAT\aug646.jpg,0
654,dataset\FLAT\aug647.jpg,0
655,dataset\FLAT\aug648.jpg,0
656,dataset\FLAT\aug649.jpg,0
657,dataset\FLAT\aug65.jpg,0
658,dataset\FLAT\aug650.jpg,0
659,dataset\FLAT\aug651.jpg,0
660,dataset\FLAT\aug652.jpg,0
661,dataset\FLAT\aug653.jpg,0
662,dataset\FLAT\aug654.jpg,0
663,dataset\FLAT\aug655.jpg,0
664,dataset\FLAT\aug656.jpg,0
665,dataset\FLAT\aug657.jpg,0
666,dataset\FLAT\aug658.jpg,0
667,dataset\FLAT\aug659.jpg,0
668,dataset\FLAT\aug66.jpg,0
669,dataset\FLAT\aug660.jpg,0
670,dataset\FLAT\aug661.jpg,0
671,dataset\FLAT\aug662.jpg,0
672,dataset\FLAT\aug663.jpg,0
673,dataset\FLAT\aug664.jpg,0
674,dataset\FLAT\aug665.jpg,0
675,dataset\FLAT\aug666.jpg,0
676,dataset\FLAT\aug667.jpg,0
677,dataset\FLAT\aug668.jpg,0
678,dataset\FLAT\aug669.jpg,0
679,dataset\FLAT\aug67.jpg,0
680,dataset\FLAT\aug670.jpg,0
681,dataset\FLAT\aug671.jpg,0
682,dataset\FLAT\aug68.jpg,0
683,dataset\FLAT\aug69.jpg,0
684,dataset\FLAT\aug7.jpg,0
685,dataset\FLAT\aug70.jpg,0
686,dataset\FLAT\aug71.jpg,0
687,dataset\FLAT\aug72.jpg,0
688,dataset\FLAT\aug73.jpg,0
689,dataset\FLAT\aug74.jpg,0
690,dataset\FLAT\aug75.jpg,0
691,dataset\FLAT\aug76.jpg,0
692,dataset\FLAT\aug77.jpg,0
693,dataset\FLAT\aug78.jpg,0
694,dataset\FLAT\aug79.jpg,0
695,dataset\FLAT\aug8.jpg,0
696,dataset\FLAT\aug80.jpg,0
697,dataset\FLAT\aug81.jpg,0
698,dataset\FLAT\aug82.jpg,0
699,dataset\FLAT\aug83.jpg,0
700,dataset\FLAT\aug84.jpg,0
701,dataset\FLAT\aug85.jpg,0
702,dataset\FLAT\aug86.jpg,0
703,dataset\FLAT\aug87.jpg,0
704,dataset\FLAT\aug88.jpg,0
705,dataset\FLAT\aug89.jpg,0
706,dataset\FLAT\aug9.jpg,0
707,dataset\FLAT\aug90.jpg,0
708,dataset\FLAT\aug91.jpg,0
709,dataset\FLAT\aug92.jpg,0
710,dataset\FLAT\aug93.jpg,0
711,dataset\FLAT\aug94.jpg,0
712,dataset\FLAT\aug95.jpg,0
713,dataset\FLAT\aug96.jpg,0
714,dataset\FLAT\aug97.jpg,0
715,dataset\FLAT\aug98.jpg,0
716,dataset\FLAT\aug99.jpg,0
717,dataset\FLAT\IMG-20220422-WA0009.jpg,0
718,dataset\FLAT\IMG-20220422-WA0012.jpg,0
719,dataset\FLAT\IMG-20220509-WA0005 (1).jpg,0
720,dataset\FLAT\IMG-20220509-WA0005.jpg,0
721,dataset\FLAT\IMG-20220509-WA0006 (1).jpg,0
722,dataset\FLAT\IMG-20220509-WA0006.jpg,0
723,dataset\FLAT\IMG-20220524-WA0024.jpg,0
724,dataset\FLAT\IMG-20220524-WA0025.jpg,0
725,dataset\FLAT\IMG-20220525-WA0008.jpg,0
726,dataset\FLAT\IMG-20220525-WA0009.jpg,0
727,dataset\FLAT\IMG-20220528-WA0002.jpg,0
728,dataset\FLAT\IMG-20220528-WA0003.jpg,0
729,dataset\FLAT\IMG-20220530-WA0038.jpg,0
730,dataset\FLAT\IMG-20220530-WA0039.jpg,0
731,dataset\FLAT\IMG-20221011-WA0003.jpg,0
732,dataset\FLAT\IMG-20221011-WA0004.jpg,0
733,dataset\FLAT\IMG-20221013-WA0001.jpg,0
734,dataset\FLAT\IMG-20221013-WA0002.jpg,0
735,dataset\FLAT\IMG-20221017-WA0001.jpg,0
736,dataset\FLAT\IMG-20221017-WA0002.jpg,0
737,dataset\FLAT\IMG-20221108-WA0018.jpg,0
738,dataset\FLAT\IMG-20221108-WA0019.jpg,0
739,dataset\FLAT\IMG-20221128-WA0005.jpg,0
740,dataset\FLAT\IMG-20221128-WA0008.jpg,0
741,dataset\FLAT\IMG-20221128-WA0015.jpg,0
742,dataset\FLAT\IMG-20221128-WA0016.jpg,0
743,dataset\FLAT\IMG-20221219-WA0012.jpg,0
744,dataset\FLAT\IMG-20221219-WA0013.jpg,0
745,dataset\FLAT\IMG-20230304-WA0003.jpg,0
746,dataset\FLAT\IMG-20230304-WA0004.jpg,0
747,dataset\FLAT\IMG20220425191036 (1).jpg,0
748,dataset\FLAT\IMG20220425191036.jpg,0
749,dataset\FLAT\IMG20220425191043.jpg,0
750,dataset\FLAT\IMG20220516112428.jpg,0
751,dataset\FLAT\IMG20220516112440.jpg,0
752,dataset\FLAT\IMG20220529215637.jpg,0
753,dataset\FLAT\IMG20220529215654.jpg,0
754,dataset\FLAT\IMG20220612224226.jpg,0
755,dataset\FLAT\IMG20220612224253.jpg,0
756,dataset\FLAT\IMG20220614095815.jpg,0
757,dataset\FLAT\IMG20220614095828.jpg,0
758,dataset\FLAT\IMG20221108142038.jpg,0
759,dataset\FLAT\IMG20221108142046.jpg,0
760,dataset\FLAT\IMG20221108152545.jpg,0
761,dataset\FLAT\IMG20221108152557.jpg,0
762,dataset\FLAT\IMG20221130202410.jpg,0
763,dataset\FLAT\IMG20221130202430.jpg,0
764,dataset\FLAT\IMG20221212221407.jpg,0
765,dataset\FLAT\IMG20221212221421.jpg,0
766,dataset\FLAT\IMG20230103075010.jpg,0
767,dataset\FLAT\IMG20230103075025.jpg,0
768,dataset\FLAT\IMG_20220419_225835.jpg,0
769,dataset\FLAT\IMG_20220419_225949.jpg,0
770,dataset\FLAT\IMG_20220423_190807.jpg,0
771,dataset\FLAT\IMG_20220423_190828.jpg,0
772,dataset\FLAT\IMG_20220424_113204.jpg,0
773,dataset\FLAT\IMG_20220424_113221.jpg,0
774,dataset\FLAT\IMG_20220424_232145.jpg,0
775,dataset\FLAT\IMG_20220424_232209.jpg,0
776,dataset\FLAT\IMG_20220429_162308.jpg,0
777,dataset\FLAT\IMG_20220429_162316.jpg,0
778,dataset\FLAT\IMG_20220501_101126.jpg,0
779,dataset\FLAT\IMG_20220501_101202.jpg,0
780,dataset\FLAT\IMG_20220501_102856.jpg,0
781,dataset\FLAT\IMG_20220505_100715.jpg,0
782,dataset\FLAT\IMG_20220505_100735.jpg,0
783,dataset\FLAT\IMG_20220514_165443 (1).jpg,0
784,dataset\FLAT\IMG_20220514_165443.jpg,0
785,dataset\FLAT\IMG_20220522_084256.jpg,0
786,dataset\FLAT\IMG_20220522_084313.jpg,0
787,dataset\FLAT\IMG_20220529_123144.jpg,0
788,dataset\FLAT\IMG_20220529_123153.jpg,0
789,dataset\FLAT\IMG_20220531_220954.jpg,0
790,dataset\FLAT\IMG_20220531_221030.jpg,0
791,dataset\FLAT\IMG_20220601_140106.jpg,0
792,dataset\FLAT\IMG_20220601_140115.jpg,0
793,dataset\FLAT\IMG_20220606_083150.jpg,0
794,dataset\FLAT\IMG_20220606_083203.jpg,0
795,dataset\FLAT\IMG_20220609_100843.jpg,0
796,dataset\FLAT\IMG_20220609_100848.jpg,0
797,dataset\FLAT\IMG_20220609_163544.jpg,0
798,dataset\FLAT\IMG_20220609_163607.jpg,0
799,dataset\FLAT\IMG_20220610_164333.jpg,0
800,dataset\FLAT\IMG_20220610_164351.jpg,0
801,dataset\FLAT\IMG_20220612_212929.jpg,0
802,dataset\FLAT\IMG_20220612_212955.jpg,0
803,dataset\FLAT\IMG_20220614_140733.jpg,0
804,dataset\FLAT\IMG_20220614_140746.jpg,0
805,dataset\FLAT\IMG_20220623_172025.jpg,0
806,dataset\FLAT\IMG_20220623_172040.jpg,0
807,dataset\FLAT\IMG_20220702_162541.jpg,0
808,dataset\FLAT\IMG_20220702_162550.jpg,0
809,dataset\FLAT\IMG_20220715_224734.jpg,0
810,dataset\FLAT\IMG_20220715_224814.jpg,0
811,dataset\FLAT\IMG_20220722_164344.jpg,0
812,dataset\FLAT\IMG_20220722_164355.jpg,0
813,dataset\FLAT\IMG_20220723_094459.jpg,0
814,dataset\FLAT\IMG_20220723_094548.jpg,0
815,dataset\FLAT\IMG_20220723_212903.jpg,0
816,dataset\FLAT\IMG_20220723_212922.jpg,0
817,dataset\FLAT\IMG_20220812_110245.jpg,0
818,dataset\FLAT\IMG_20220812_110309.jpg,0
819,dataset\FLAT\IMG_20220816_190740.jpg,0
820,dataset\FLAT\IMG_20220816_190749.jpg,0
821,dataset\FLAT\IMG_20220818_125542.jpg,0
822,dataset\FLAT\IMG_20220818_125557.jpg,0
823,dataset\FLAT\IMG_20220822_160106.jpg,0
824,dataset\FLAT\IMG_20220822_160117.jpg,0
825,dataset\FLAT\IMG_20220827_172333.jpg,0
826,dataset\FLAT\IMG_20220827_172346.jpg,0
827,dataset\FLAT\IMG_20220906_184120.jpg,0
828,dataset\FLAT\IMG_20220906_184143.jpg,0
829,dataset\FLAT\IMG_20220922_161601.jpg,0
830,dataset\FLAT\IMG_20220922_161611.jpg,0
831,dataset\FLAT\IMG_20220922_190231.jpg,0
832,dataset\FLAT\IMG_20220922_190238.jpg,0
833,dataset\FLAT\IMG_20220923_161236 (1).jpg,0
834,dataset\FLAT\IMG_20220923_161236.jpg,0
835,dataset\FLAT\IMG_20220923_161243 (1).jpg,0
836,dataset\FLAT\IMG_20220923_161243.jpg,0
837,dataset\FLAT\IMG_20220930_125254.jpg,0
838,dataset\FLAT\IMG_20220930_125306.jpg,0
839,dataset\FLAT\IMG_20221006_174021.jpg,0
840,dataset\FLAT\IMG_20221006_174038.jpg,0
841,dataset\FLAT\IMG_20221011_162319.jpg,0
842,dataset\FLAT\IMG_20221011_162330 (1).jpg,0
843,dataset\FLAT\IMG_20221011_162330.jpg,0
844,dataset\FLAT\IMG_20221013_122545.jpg,0
845,dataset\FLAT\IMG_20221013_122555.jpg,0
846,dataset\FLAT\IMG_20221017_204846.jpg,0
847,dataset\FLAT\IMG_20221017_204921.jpg,0
848,dataset\FLAT\IMG_20221018_225147.jpg,0
849,dataset\FLAT\IMG_20221018_225205.jpg,0
850,dataset\FLAT\IMG_20221118_191136.jpg,0
851,dataset\FLAT\IMG_20221118_191141.jpg,0
852,dataset\FLAT\IMG_20221124_150402 (1).jpg,0
853,dataset\FLAT\IMG_20221124_150423.jpg,0
854,dataset\FLAT\IMG_20221125_204447.jpg,0
855,dataset\FLAT\IMG_20221125_204455.jpg,0
856,dataset\FLAT\IMG_20221213_164434.jpg,0
857,dataset\FLAT\IMG_20221213_164519.jpg,0
858,dataset\FLAT\IMG_20230107_203100.jpg,0
859,dataset\FLAT\IMG_20230107_203117.jpg,0
860,dataset\FLAT\IMG_20230110_201149.jpg,0
861,dataset\FLAT\IMG_20230110_201203.jpg,0
862,dataset\FLAT\IMG_20230112_141618.jpg,0
863,dataset\FLAT\IMG_20230112_141633.jpg,0
864,dataset\FLAT\IMG_20230115_230230.jpg,0
865,dataset\FLAT\IMG_20230115_230238.jpg,0
866,dataset\FLAT\IMG_20230119_173805.jpg,0
867,dataset\FLAT\IMG_20230119_173824.jpg,0
868,dataset\FLAT\IMG_20230121_153031.jpg,0
869,dataset\FLAT\IMG_20230121_153042.jpg,0
870,dataset\FLAT\IMG_20230121_175517.jpg,0
871,dataset\FLAT\IMG_20230121_175527.jpg,0
872,dataset\FLAT\IMG_20230124_165658.jpg,0
873,dataset\FLAT\IMG_20230124_165716.jpg,0
874,dataset\FLAT\IMG_20230207_174504.jpg,0
875,dataset\FLAT\IMG_20230207_174520.jpg,0
876,dataset\FLAT\IMG_20230216_170229.jpg,0
877,dataset\FLAT\IMG_20230216_170249.jpg,0
878,dataset\FLAT\IMG_20230228_192026.jpg,0
879,dataset\FLAT\IMG_20230228_192039.jpg,0
880,dataset\FLAT\IMG_20230308_201057.jpg,0
881,dataset\FLAT\IMG_20230308_201108.jpg,0
882,dataset\FLAT\IMG_20230309_145515 (1).jpg,0
883,dataset\FLAT\IMG_20230309_145515.jpg,0
884,dataset\FLAT\IMG_20230310_190737.jpg,0
885,dataset\FLAT\IMG_20230310_190749.jpg,0
886,dataset\FLAT\IMG_20230312_212317.jpg,0
887,dataset\FLAT\IMG_20230312_212332.jpg,0
888,dataset\FLAT\IMG_20230313_141006.jpg,0
889,dataset\FLAT\IMG_20230313_141030.jpg,0
890,dataset\FLAT\IMG_20230314_125517.jpg,0
891,dataset\FLAT\IMG_20230314_125525.jpg,0
892,dataset\FLAT\IMG_20230315_140804.jpg,0
893,dataset\FLAT\IMG_20230315_140814.jpg,0
894,dataset\FLAT\IMG_20230316_162648.jpg,0
895,dataset\FLAT\IMG_20230316_162656.jpg,0
896,dataset\FLAT\IMG_20230317_173747.jpg,0
897,dataset\FLAT\IMG_20230317_173759.jpg,0
898,dataset\FLAT\IMG_20230323_093740050_2.jpg,0
899,dataset\FLAT\IMG_20230323_093751096_2.jpg,0
900,dataset\FLAT\WhatsApp Image 2022-04-11 at 10.07.28 PM (1).jpeg,0
901,dataset\FLAT\WhatsApp Image 2022-04-11 at 10.07.28 PM.jpeg,0
902,dataset\NORMAL\20220519_144058.heic,1
903,dataset\NORMAL\20220519_144107.heic,1
904,dataset\NORMAL\20220725_191325.jpg,1
905,dataset\NORMAL\20220725_191347.jpg,1
906,dataset\NORMAL\20221127_110342.jpg,1
907,dataset\NORMAL\20221127_110400.jpg,1
908,dataset\NORMAL\aug0.jpg,1
909,dataset\NORMAL\aug1.jpg,1
910,dataset\NORMAL\aug10.jpg,1
911,dataset\NORMAL\aug100.jpg,1
912,dataset\NORMAL\aug101.jpg,1
913,dataset\NORMAL\aug102.jpg,1
914,dataset\NORMAL\aug103.jpg,1
915,dataset\NORMAL\aug104.jpg,1
916,dataset\NORMAL\aug105.jpg,1
917,dataset\NORMAL\aug106.jpg,1
918,dataset\NORMAL\aug107.jpg,1
919,dataset\NORMAL\aug108.jpg,1
920,dataset\NORMAL\aug109.jpg,1
921,dataset\NORMAL\aug11.jpg,1
922,dataset\NORMAL\aug110.jpg,1
923,dataset\NORMAL\aug111.jpg,1
924,dataset\NORMAL\aug112.jpg,1
925,dataset\NORMAL\aug113.jpg,1
926,dataset\NORMAL\aug114.jpg,1
927,dataset\NORMAL\aug115.jpg,1
928,dataset\NORMAL\aug116.jpg,1
929,dataset\NORMAL\aug117.jpg,1
930,dataset\NORMAL\aug118.jpg,1
931,dataset\NORMAL\aug119.jpg,1
932,dataset\NORMAL\aug12.jpg,1
933,dataset\NORMAL\aug120.jpg,1
934,dataset\NORMAL\aug121.jpg,1
935,dataset\NORMAL\aug122.jpg,1
936,dataset\NORMAL\aug123.jpg,1
937,dataset\NORMAL\aug124.jpg,1
938,dataset\NORMAL\aug125.jpg,1
939,dataset\NORMAL\aug126.jpg,1
940,dataset\NORMAL\aug127.jpg,1
941,dataset\NORMAL\aug128.jpg,1
942,dataset\NORMAL\aug129.jpg,1
943,dataset\NORMAL\aug13.jpg,1
944,dataset\NORMAL\aug130.jpg,1
945,dataset\NORMAL\aug131.jpg,1
946,dataset\NORMAL\aug132.jpg,1
947,dataset\NORMAL\aug133.jpg,1
948,dataset\NORMAL\aug134.jpg,1
949,dataset\NORMAL\aug135.jpg,1
950,dataset\NORMAL\aug136.jpg,1
951,dataset\NORMAL\aug137.jpg,1
952,dataset\NORMAL\aug138.jpg,1
953,dataset\NORMAL\aug139.jpg,1
954,dataset\NORMAL\aug14.jpg,1
955,dataset\NORMAL\aug140.jpg,1
956,dataset\NORMAL\aug141.jpg,1
957,dataset\NORMAL\aug142.jpg,1
958,dataset\NORMAL\aug143.jpg,1
959,dataset\NORMAL\aug144.jpg,1
960,dataset\NORMAL\aug145.jpg,1
961,dataset\NORMAL\aug146.jpg,1
962,dataset\NORMAL\aug147.jpg,1
963,dataset\NORMAL\aug148.jpg,1
964,dataset\NORMAL\aug149.jpg,1
965,dataset\NORMAL\aug15.jpg,1
966,dataset\NORMAL\aug150.jpg,1
967,dataset\NORMAL\aug151.jpg,1
968,dataset\NORMAL\aug152.jpg,1
969,dataset\NORMAL\aug153.jpg,1
970,dataset\NORMAL\aug154.jpg,1
971,dataset\NORMAL\aug155.jpg,1
972,dataset\NORMAL\aug16.jpg,1
973,dataset\NORMAL\aug17.jpg,1
974,dataset\NORMAL\aug18.jpg,1
975,dataset\NORMAL\aug19.jpg,1
976,dataset\NORMAL\aug2.jpg,1
977,dataset\NORMAL\aug20.jpg,1
978,dataset\NORMAL\aug21.jpg,1
979,dataset\NORMAL\aug22.jpg,1
980,dataset\NORMAL\aug23.jpg,1
981,dataset\NORMAL\aug24.jpg,1
982,dataset\NORMAL\aug25.jpg,1
983,dataset\NORMAL\aug26.jpg,1
984,dataset\NORMAL\aug27.jpg,1
985,dataset\NORMAL\aug28.jpg,1
986,dataset\NORMAL\aug29.jpg,1
987,dataset\NORMAL\aug3.jpg,1
988,dataset\NORMAL\aug30.jpg,1
989,dataset\NORMAL\aug31.jpg,1
990,dataset\NORMAL\aug32.jpg,1
991,dataset\NORMAL\aug33.jpg,1
992,dataset\NORMAL\aug34.jpg,1
993,dataset\NORMAL\aug35.jpg,1
994,dataset\NORMAL\aug36.jpg,1
995,dataset\NORMAL\aug37.jpg,1
996,dataset\NORMAL\aug38.jpg,1
997,dataset\NORMAL\aug39.jpg,1
998,dataset\NORMAL\aug4.jpg,1
999,dataset\NORMAL\aug40.jpg,1
1000,dataset\NORMAL\aug41.jpg,1
1001,dataset\NORMAL\aug42.jpg,1
1002,dataset\NORMAL\aug43.jpg,1
1003,dataset\NORMAL\aug44.jpg,1
1004,dataset\NORMAL\aug45.jpg,1
1005,dataset\NORMAL\aug46.jpg,1
1006,dataset\NORMAL\aug47.jpg,1
1007,dataset\NORMAL\aug48.jpg,1
1008,dataset\NORMAL\aug49.jpg,1
1009,dataset\NORMAL\aug5.jpg,1
1010,dataset\NORMAL\aug50.jpg,1
1011,dataset\NORMAL\aug51.jpg,1
1012,dataset\NORMAL\aug52.jpg,1
1013,dataset\NORMAL\aug53.jpg,1
1014,dataset\NORMAL\aug54.jpg,1
1015,dataset\NORMAL\aug55.jpg,1
1016,dataset\NORMAL\aug56.jpg,1
1017,dataset\NORMAL\aug57.jpg,1
1018,dataset\NORMAL\aug58.jpg,1
1019,dataset\NORMAL\aug59.jpg,1
1020,dataset\NORMAL\aug6.jpg,1
1021,dataset\NORMAL\aug60.jpg,1
1022,dataset\NORMAL\aug61.jpg,1
1023,dataset\NORMAL\aug62.jpg,1
1024,dataset\NORMAL\aug63.jpg,1
1025,dataset\NORMAL\aug64.jpg,1
1026,dataset\NORMAL\aug65.jpg,1
1027,dataset\NORMAL\aug66.jpg,1
1028,dataset\NORMAL\aug67.jpg,1
1029,dataset\NORMAL\aug68.jpg,1
1030,dataset\NORMAL\aug69.jpg,1
1031,dataset\NORMAL\aug7.jpg,1
1032,dataset\NORMAL\aug70.jpg,1
1033,dataset\NORMAL\aug71.jpg,1
1034,dataset\NORMAL\aug72.jpg,1
1035,dataset\NORMAL\aug73.jpg,1
1036,dataset\NORMAL\aug74.jpg,1
1037,dataset\NORMAL\aug75.jpg,1
1038,dataset\NORMAL\aug76.jpg,1
1039,dataset\NORMAL\aug77.jpg,1
1040,dataset\NORMAL\aug78.jpg,1
1041,dataset\NORMAL\aug79.jpg,1
1042,dataset\NORMAL\aug8.jpg,1
1043,dataset\NORMAL\aug80.jpg,1
1044,dataset\NORMAL\aug81.jpg,1
1045,dataset\NORMAL\aug82.jpg,1
1046,dataset\NORMAL\aug83.jpg,1
1047,dataset\NORMAL\aug84.jpg,1
1048,dataset\NORMAL\aug85.jpg,1
1049,dataset\NORMAL\aug86.jpg,1
1050,dataset\NORMAL\aug87.jpg,1
1051,dataset\NORMAL\aug88.jpg,1
1052,dataset\NORMAL\aug89.jpg,1
1053,dataset\NORMAL\aug9.jpg,1
1054,dataset\NORMAL\aug90.jpg,1
1055,dataset\NORMAL\aug91.jpg,1
1056,dataset\NORMAL\aug92.jpg,1
1057,dataset\NORMAL\aug93.jpg,1
1058,dataset\NORMAL\aug94.jpg,1
1059,dataset\NORMAL\aug95.jpg,1
1060,dataset\NORMAL\aug96.jpg,1
1061,dataset\NORMAL\aug97.jpg,1
1062,dataset\NORMAL\aug98.jpg,1
1063,dataset\NORMAL\aug99.jpg,1
1064,dataset\NORMAL\IMG-20220528-WA0002.jpg,1
1065,dataset\NORMAL\IMG-20220528-WA0003.jpg,1
1066,dataset\NORMAL\IMG-20221124-WA0007.jpg,1
1067,dataset\NORMAL\IMG-20221124-WA0008.jpg,1
1068,dataset\NORMAL\IMG-20221128-WA0002.jpg,1
1069,dataset\NORMAL\IMG-20221128-WA0003.jpg,1
1070,dataset\NORMAL\IMG20220416143329.jpg,1
1071,dataset\NORMAL\IMG20220416143340.jpg,1
1072,dataset\NORMAL\IMG20220516233619.jpg,1
1073,dataset\NORMAL\IMG20220516233652.jpg,1
1074,dataset\NORMAL\IMG_20220420_171144.jpg,1
1075,dataset\NORMAL\IMG_20220420_171152.jpg,1
1076,dataset\NORMAL\IMG_20220427_165803.jpg,1
1077,dataset\NORMAL\IMG_20220427_165810.jpg,1
1078,dataset\NORMAL\IMG_20220518_155903.jpg,1
1079,dataset\NORMAL\IMG_20220518_155910.jpg,1
1080,dataset\NORMAL\IMG_20220528_171824.jpg,1
1081,dataset\NORMAL\IMG_20220528_171918.jpg,1
1082,dataset\NORMAL\IMG_20220702_113153.jpg,1
1083,dataset\NORMAL\IMG_20220702_113205.jpg,1
1084,dataset\NORMAL\IMG_20220810_114938.jpg,1
1085,dataset\NORMAL\IMG_20220810_114950.jpg,1
1086,dataset\NORMAL\IMG_20220827_172333.jpg,1
1087,dataset\NORMAL\IMG_20220827_172346.jpg,1
1088,dataset\NORMAL\IMG_20220917_153054.jpg,1
1089,dataset\NORMAL\IMG_20220917_153111.jpg,1
1090,dataset\NORMAL\IMG_20220930_125254.jpg,1
1091,dataset\NORMAL\IMG_20220930_125306.jpg,1
1092,dataset\NORMAL\IMG_20220930_174300 (1).jpg,1
1093,dataset\NORMAL\IMG_20220930_174300.jpg,1
1094,dataset\NORMAL\IMG_20221006_202830 (1).jpg,1
1095,dataset\NORMAL\IMG_20221006_202830.jpg,1
1096,dataset\NORMAL\IMG_20221214_221201.jpg,1
1097,dataset\NORMAL\IMG_20221214_221220.jpg,1
1098,dataset\NORMAL\IMG_20230104_134801.jpg,1
1099,dataset\NORMAL\IMG_20230104_134808.jpg,1
1100,dataset\NORMAL\IMG_20230109_160900.jpg,1
1101,dataset\NORMAL\IMG_20230109_160914.jpg,1
1102,dataset\NORMAL\IMG_20230111_183757.jpg,1
1103,dataset\NORMAL\IMG_20230111_183806.jpg,1
1104,dataset\NORMAL\IMG_20230116_124345.jpg,1
1105,dataset\NORMAL\IMG_20230116_124357 (1).jpg,1
1106,dataset\NORMAL\IMG_20230116_124357.jpg,1
1107,dataset\NORMAL\IMG_20230116_124420.jpg,1
1108,dataset\NORMAL\IMG_20230116_124434.jpg,1
1109,dataset\NORMAL\IMG_20230124_124046.jpg,1
1110,dataset\NORMAL\IMG_20230204_141821.jpg,1
1111,dataset\NORMAL\IMG_20230204_141827.jpg,1
1112,dataset\NORMAL\IMG_20230205_143250.jpg,1
1113,dataset\NORMAL\IMG_20230205_143301.jpg,1
1114,dataset\NORMAL\IMG_20230206_103352.jpg,1
1115,dataset\NORMAL\IMG_20230206_103417.jpg,1
1116,dataset\NORMAL\IMG_20230311_172610_1.jpg,1
1117,dataset\NORMAL\IMG_20230311_172626.jpg,1
1118,dataset\HIGH\aug112.jpg,2
1119,dataset\HIGH\aug113.jpg,2
1120,dataset\HIGH\aug114.jpg,2
1121,dataset\HIGH\aug115.jpg,2
1122,dataset\HIGH\aug116.jpg,2
1123,dataset\HIGH\aug117.jpg,2
1124,dataset\HIGH\aug118.jpg,2
1125,dataset\HIGH\aug119.jpg,2
1126,dataset\HIGH\aug120.jpg,2
1127,dataset\HIGH\aug121.jpg,2
1128,dataset\HIGH\aug122.jpg,2
1129,dataset\HIGH\aug123.jpg,2
1130,dataset\HIGH\aug124.jpg,2
1131,dataset\HIGH\aug125.jpg,2
1132,dataset\HIGH\aug126.jpg,2
1133,dataset\HIGH\aug127.jpg,2
1134,dataset\HIGH\aug4.jpg,2
1135,dataset\HIGH\aug40.jpg,2
1136,dataset\HIGH\aug41.jpg,2
1137,dataset\HIGH\aug42.jpg,2
1138,dataset\HIGH\aug43.jpg,2
1139,dataset\HIGH\aug44.jpg,2
1140,dataset\HIGH\aug45.jpg,2
1141,dataset\HIGH\aug46.jpg,2
1142,dataset\HIGH\aug47.jpg,2
1143,dataset\HIGH\aug5.jpg,2
1144,dataset\HIGH\aug7.jpg,2
1145,dataset\HIGH\IMG20220516233619.jpg,2
1146,dataset\HIGH\IMG20220516233652.jpg,2
1147,dataset\HIGH\IMG_20220518_155903.jpg,2
1148,dataset\HIGH\IMG_20220518_155910.jpg,2
1149,dataset\HIGH\IMG_20220528_171824.jpg,2
1150,dataset\HIGH\IMG_20220528_171918.jpg,2
1151,dataset\HIGH\IMG_20220702_113153.jpg,2
1152,dataset\HIGH\IMG_20220702_113205.jpg,2
1153,dataset\HIGH\IMG_20220930_174300 (1).jpg,2
1154,dataset\HIGH\IMG_20220930_174300.jpg,2
1155,dataset\HIGH\IMG_20230111_183757.jpg,2
1156,dataset\HIGH\IMG_20230111_183806.jpg,2
1157,dataset\HIGH\IMG_20230116_124420.jpg,2
1158,dataset\HIGH\IMG_20230116_124434.jpg,2
1159,dataset\HIGH\IMG_20230206_103352.jpg,2
1160,dataset\HIGH\IMG_20230206_103417.jpg,2
